,d,revenue
0,1,81650.61000000051
1,2,78970.57000000076
2,3,57706.91000000017
3,4,60761.20000000045
4,5,46959.95000000034
5,6,69377.38000000047
6,7,68789.06000000071
7,8,93447.75000000115
8,9,83497.56000000093
9,10,65164.70000000066
10,11,60879.39000000065
11,12,60408.690000000504
12,13,62742.000000000815
13,14,71984.11000000052
14,15,92584.90000000098
15,16,100763.83000000143
16,17,59728.89000000052
17,18,64278.31000000042
18,19,58985.59000000043
19,20,57188.99000000033
20,21,67467.99000000073
21,22,87650.83000000117
22,23,81369.44000000128
23,24,65547.57000000091
24,25,55380.69000000033
25,26,55070.27000000035
26,27,53986.340000000215
27,28,61776.87000000076
28,29,81839.49000000126
29,30,79451.25000000095
30,31,58794.66000000046
31,32,62540.18000000053
32,33,59996.54000000063
33,34,64517.98000000069
34,35,64020.5600000007
35,36,86243.76000000097
36,37,94305.40000000139
37,38,66983.84000000062
38,39,61245.830000000555
39,40,58771.82000000059
40,41,60104.73000000043
41,42,68115.83000000074
42,43,85664.01000000126
43,44,85979.65000000123
44,45,65841.94000000061
45,46,62552.07000000075
46,47,60076.33000000054
47,48,57509.340000000564
48,49,64847.140000000654
49,50,83447.54000000108
50,51,81525.57000000111
51,52,61369.06000000078
52,53,54604.960000000516
53,54,51681.820000000465
54,55,50469.36000000056
55,56,62774.82000000083
56,57,80261.18000000129
57,58,81245.5900000015
58,59,57507.420000000515
59,60,52571.090000000375
60,61,50143.63000000073
61,62,55981.48000000084
62,63,74380.45000000119
63,64,90659.12000000117
64,65,89121.32000000126
65,66,66059.770000001
66,67,62548.18000000079
67,68,60210.520000000695
68,69,60590.60000000068
69,70,66802.54000000069
70,71,86147.53000000144
71,72,85080.34000000093
72,73,66609.37000000078
73,74,61560.79000000047
74,75,57037.93000000052
75,76,58824.99000000042
76,77,68675.01000000088
77,78,83058.83000000138
78,79,83617.2200000016
79,80,61271.22000000067
80,81,54793.10000000059
81,82,56720.4200000006
82,83,56466.01000000079
83,84,69572.75000000087
84,85,84171.43000000135
85,86,68276.58000000111
86,87,56342.82000000091
87,88,50791.37000000067
88,89,50877.02000000053
89,90,51953.2200000005
90,91,64544.68000000066
91,92,80648.79000000136
92,93,81346.95000000122
93,94,63047.490000001
94,95,66278.9800000008
95,96,57672.290000000845
96,97,56720.89000000074
97,98,68218.3200000007
98,99,78021.80000000134
99,100,65855.53000000099
100,101,69036.5200000012
101,102,60176.340000000884
102,103,61559.290000000816
103,104,61018.66000000088
104,105,70473.10000000097
105,106,81896.10000000102
106,107,88269.00000000156
107,108,61248.66000000092
108,109,56033.73000000073
109,110,52915.52000000079
110,111,52917.66000000078
111,112,61081.240000000886
112,113,76461.34000000129
113,114,73607.61000000114
114,115,58098.130000000725
115,116,52563.72000000063
116,117,52171.440000000766
117,118,57009.120000000665
118,119,61639.66000000075
119,120,71033.70000000103
120,121,66451.5900000009
121,122,64782.30000000114
122,123,55381.360000000706
123,124,64775.80000000102
124,125,62398.04000000098
125,126,73696.53000000105
126,127,83864.61000000128
127,128,87926.7700000015
128,129,73194.01000000126
129,130,69884.01000000098
130,131,66110.18000000111
131,132,65696.3900000009
132,133,72494.85000000132
133,134,83435.1100000016
134,135,86431.01000000126
135,136,70323.43000000078
136,137,65558.63000000115
137,138,68369.54000000078
138,139,63153.340000001066
139,140,68183.1000000013
140,141,78640.21000000149
141,142,72743.74000000086
142,143,66329.62000000098
143,144,59042.87000000089
144,145,58576.47000000089
145,146,62726.20000000089
146,147,68432.25000000083
147,148,72973.85000000133
148,149,76969.61000000095
149,150,61850.200000000914
150,151,54030.14000000068
151,152,54228.71000000077
152,153,59678.80000000093
153,154,83279.14000000125
154,155,87247.64000000116
155,156,78344.13000000121
156,157,61556.410000000906
157,158,71985.46000000132
158,159,71421.360000001
159,160,73863.17000000135
160,161,76535.0000000009
161,162,89246.19000000131
162,163,87867.0500000012
163,164,73525.4500000009
164,165,66957.16000000102
165,166,65690.60000000098
166,167,64561.940000001014
167,168,76060.29000000103
168,169,85917.32000000196
169,170,85712.2000000013
170,171,67367.16000000108
171,172,60059.460000001185
172,173,60644.920000000726
173,174,62603.67000000104
174,175,71243.9100000012
175,176,82427.33000000124
176,177,80838.83000000106
177,178,64020.70000000124
178,179,58175.43000000104
179,180,56267.140000000865
180,181,59268.67000000102
181,182,67905.78000000137
182,183,79986.49000000142
183,184,81274.76000000148
184,185,73525.54000000074
185,186,68720.21000000127
186,187,72542.61000000114
187,188,65402.190000001
188,189,72391.25000000103
189,190,85240.38000000117
190,191,89645.57000000094
191,192,70679.95000000106
192,193,69836.45000000084
193,194,67594.77000000117
194,195,68169.62000000093
195,196,77636.10000000117
196,197,90852.17000000058
197,198,91933.16000000123
198,199,75415.6000000012
199,200,66646.01000000096
200,201,64269.52000000096
201,202,61614.5500000009
202,203,70721.69000000083
203,204,86327.15000000143
204,205,94301.990000001
205,206,69110.1200000012
206,207,61577.580000001115
207,208,59770.03000000105
208,209,58397.72000000074
209,210,66597.40000000106
210,211,83884.22000000125
211,212,83708.8100000012
212,213,60631.910000001015
213,214,55026.130000000565
214,215,59672.19000000075
215,216,70028.87000000085
216,217,77246.39000000097
217,218,90251.22000000086
218,219,73859.6400000012
219,220,81837.72000000118
220,221,71786.01000000098
221,222,67711.32000000116
222,223,66414.760000001
223,224,76838.56000000103
224,225,92251.05000000107
225,226,98302.80000000073
226,227,71982.21000000101
227,228,66497.19000000124
228,229,63632.62000000092
229,230,71137.63000000092
230,231,74675.78000000108
231,232,89944.43000000116
232,233,91000.94000000138
233,234,67645.790000001
234,235,61455.020000000935
235,236,60125.720000000976
236,237,59465.61000000109
237,238,71461.30000000137
238,239,88336.56000000093
239,240,90350.26000000098
240,241,64136.97000000096
241,242,59375.07000000097
242,243,57876.25000000073
243,244,57810.47000000095
244,245,77217.3700000011
245,246,103302.10000000095
246,247,98982.7000000014
247,248,78953.21000000116
248,249,68225.41000000134
249,250,68327.79000000082
250,251,68579.71000000094
251,252,77303.77000000123
252,253,92848.60000000139
253,254,97200.96000000123
254,255,78885.62000000122
255,256,69650.860000001
256,257,71888.53000000122
257,258,68277.19000000077
258,259,79466.64000000106
259,260,101899.09000000125
260,261,98299.7700000012
261,262,73637.00000000122
262,263,64083.71000000084
263,264,60401.63000000074
264,265,59473.31000000068
265,266,71259.79000000122
266,267,89054.33000000086
267,268,89026.74000000101
268,269,66754.46000000116
269,270,59876.610000001274
270,271,59610.59000000088
271,272,60821.920000000835
272,273,70598.86000000138
273,274,88398.66000000136
274,275,87576.67000000112
275,276,60771.71000000108
276,277,69105.81000000091
277,278,64393.65000000104
278,279,72421.05000000123
279,280,75113.71000000158
280,281,95503.46000000142
281,282,102990.7300000013
282,283,72087.83000000117
283,284,65685.14000000113
284,285,68065.52000000098
285,286,68614.92000000131
286,287,77214.18000000132
287,288,92856.22000000143
288,289,94545.03000000169
289,290,70120.80000000083
290,291,69834.46000000098
291,292,63450.920000001024
292,293,60531.96000000078
293,294,69177.7600000009
294,295,89859.81000000141
295,296,89065.6800000011
296,297,67808.68000000113
297,298,67402.14000000115
298,299,78119.28000000126
299,300,46927.960000000596
300,301,60839.050000000934
301,302,67556.84000000112
302,303,72721.29000000146
303,304,59780.38000000097
304,305,56461.52000000102
305,306,55462.22000000079
306,307,67057.6700000012
307,308,76485.41000000142
308,309,96919.65000000119
309,310,95580.77000000139
310,311,77905.23000000109
311,312,70755.47000000121
312,313,66418.10000000092
313,314,69136.03000000083
314,315,76197.59000000122
315,316,91942.3400000011
316,317,97259.7600000014
317,318,77715.00000000103
318,319,71150.51000000103
319,320,70204.22000000095
320,321,77434.81000000087
321,322,75941.71000000126
322,323,90813.08000000122
323,324,88253.81000000096
324,325,72687.1100000013
325,326,70440.54000000132
326,327,70194.89000000118
327,328,74764.2200000011
328,329,90175.81000000145
329,330,75968.34000000086
330,331,23.680000000000003
331,332,76323.6200000014
332,333,65581.35000000098
333,334,65824.04000000098
334,335,66649.03000000118
335,336,87499.75000000143
336,337,87297.48000000115
337,338,57511.98000000103
338,339,88952.77000000144
339,340,75693.37000000126
340,341,66911.24000000114
341,342,74373.11000000115
342,343,79276.55000000139
343,344,96697.03000000175
344,345,99457.31000000073
345,346,74847.35000000111
346,347,69232.63000000133
347,348,74837.03000000124
348,349,64548.93000000102
349,350,78461.37000000133
350,351,97408.4400000013
351,352,96702.23000000093
352,353,83134.48000000128
353,354,58391.03000000115
354,355,67167.9200000012
355,356,64224.52000000114
356,357,72703.93000000124
357,358,103940.05000000152
358,359,89315.46000000097
359,360,66347.14000000105
360,361,63102.82000000117
361,362,58860.96000000098
362,363,61199.02000000135
363,364,72187.36000000151
364,365,92041.59000000171
365,366,91699.71000000137
366,367,67834.17000000099
367,368,67585.12000000145
368,369,80753.96000000142
369,370,77595.02000000128
370,371,93946.28000000131
371,372,118685.10000000159
372,373,111362.91000000114
373,374,84751.22000000143
374,375,78667.76000000114
375,376,77207.7300000016
376,377,79749.10000000118
377,378,80668.95000000136
378,379,114011.91000000163
379,380,117271.87000000165
380,381,88495.30000000127
381,382,67395.20000000116
382,383,73921.4700000013
383,384,71593.49000000134
384,385,80409.4800000016
385,386,102246.08000000154
386,387,102842.50000000147
387,388,83586.03000000138
388,389,68848.1100000014
389,390,67501.37000000122
390,391,68607.39000000128
391,392,76295.12000000176
392,393,98656.71000000164
393,394,100153.45000000153
394,395,73408.17000000161
395,396,66218.07000000148
396,397,66633.28000000144
397,398,81947.28000000135
398,399,86518.2400000016
399,400,112870.29000000092
400,401,111421.68000000138
401,402,89468.99000000111
402,403,84944.31000000099
403,404,78596.94000000131
404,405,80650.11000000151
405,406,87620.00000000146
406,407,109215.31000000112
407,408,113910.24000000095
408,409,88421.68000000097
409,410,78558.56000000093
410,411,73789.80000000117
411,412,83087.71000000135
412,413,83008.26000000119
413,414,103307.86000000134
414,415,104626.37000000107
415,416,79792.99000000147
416,417,69071.85000000123
417,418,70419.77000000124
418,419,69984.52000000131
419,420,76921.44000000137
420,421,100736.88000000136
421,422,104991.76000000122
422,423,76432.51000000116
423,424,65900.15000000101
424,425,67751.10000000117
425,426,64714.640000001404
426,427,84012.69000000138
427,428,104193.42000000163
428,429,110158.37000000119
429,430,83687.95000000135
430,431,87431.63000000121
431,432,75637.54000000111
432,433,82359.03000000105
433,434,98891.03000000119
434,435,118112.9300000006
435,436,95592.71000000121
436,437,86002.72000000108
437,438,77272.6700000013
438,439,79644.97000000147
439,440,77016.43000000114
440,441,86993.36000000109
441,442,104473.15000000142
442,443,107872.52000000111
443,444,76049.63000000117
444,445,72244.53000000122
445,446,68799.1600000012
446,447,67157.62000000106
447,448,75989.78000000169
448,449,99111.99000000123
449,450,101538.51000000075
450,451,73082.62000000145
451,452,67199.0900000014
452,453,65393.800000001225
453,454,66533.5700000012
454,455,78541.0300000015
455,456,96018.44000000134
456,457,100173.1900000014
457,458,74361.34000000086
458,459,82261.16000000102
459,460,77669.7400000012
460,461,86346.13000000073
461,462,87119.50000000095
462,463,105578.03000000112
463,464,113097.15000000097
464,465,90257.44000000092
465,466,81210.49000000153
466,467,81897.93000000087
467,468,76309.01000000088
468,469,87982.1000000016
469,470,109592.57000000153
470,471,90951.69000000079
471,472,83893.29000000097
472,473,85174.82000000098
473,474,78477.42000000125
474,475,73753.76000000157
475,476,85733.2400000008
476,477,101661.1600000019
477,478,107634.15000000132
478,479,79219.18000000117
479,480,74641.37000000116
480,481,71096.2300000013
481,482,73501.68000000133
482,483,88751.4000000016
483,484,99985.650000001
484,485,91486.02000000083
485,486,89538.9000000011
486,487,74804.3300000014
487,488,72708.43000000152
488,489,76121.42000000134
489,490,103884.27000000108
490,491,117199.62000000161
491,492,118554.39000000137
492,493,90174.93000000107
493,494,89825.49000000101
494,495,88603.78000000126
495,496,88467.20000000106
496,497,97187.46000000123
497,498,115770.39000000093
498,499,114253.36000000071
499,500,100382.24000000133
500,501,90032.73000000122
501,502,85078.48000000101
502,503,87594.45000000096
503,504,105801.20000000126
504,505,113567.34000000096
505,506,99807.01000000119
506,507,89312.32000000135
507,508,82752.28000000097
508,509,81538.62000000147
509,510,80841.86000000147
510,511,93112.61000000137
511,512,103673.85000000132
512,513,106088.77000000108
513,514,84240.81000000145
514,515,75885.27000000098
515,516,74533.09000000107
516,517,76365.14000000116
517,518,96315.11000000083
518,519,106491.35000000105
519,520,110601.63000000079
520,521,95191.45000000112
521,522,103605.90000000087
522,523,85361.64000000128
523,524,91883.72000000117
524,525,104885.97000000102
525,526,110784.45000000081
526,527,114740.13000000127
527,528,96432.28000000077
528,529,86625.0100000012
529,530,88100.530000001
530,531,88355.30000000175
531,532,97437.91000000125
532,533,114338.23000000084
533,534,118653.56000000065
534,535,88039.39000000132
535,536,81173.84000000129
536,537,76488.4600000014
537,538,81497.54000000119
538,539,93835.02000000089
539,540,104497.61000000083
540,541,107416.70000000081
541,542,82424.15000000113
542,543,79602.36000000138
543,544,75508.20000000145
544,545,76518.13000000149
545,546,85187.61000000109
546,547,94624.10000000101
547,548,97311.16000000118
548,549,77603.47000000112
549,550,78852.33000000125
550,551,90551.28000000108
551,552,93333.73000000141
552,553,105386.21000000104
553,554,110825.10000000082
554,555,117535.07000000085
555,556,98126.48000000106
556,557,87176.5600000012
557,558,86191.33000000131
558,559,91789.050000001
559,560,97196.24000000127
560,561,115662.11000000006
561,562,119862.29000000078
562,563,94641.50000000058
563,564,89308.370000001
564,565,93423.14000000138
565,566,90856.70000000118
566,567,95073.40000000123
567,568,111628.24000000088
568,569,118594.72000000076
569,570,88413.71000000105
570,571,80997.51000000152
571,572,79408.02000000133
572,573,76787.98000000107
573,574,89759.27000000095
574,575,108550.98000000071
575,576,114361.78000000102
576,577,85702.70000000103
577,578,78172.84000000107
578,579,73989.55000000134
579,580,76577.98000000084
580,581,103325.380000001
581,582,122365.42000000092
582,583,114179.55000000107
583,584,119463.71000000034
584,585,86036.12000000133
585,586,86208.39000000141
586,587,87525.57000000121
587,588,93043.51000000117
588,589,119960.44000000082
589,590,128512.80000000073
590,591,90161.77000000073
591,592,87078.60000000108
592,593,84477.42000000086
593,594,83187.13000000094
594,595,98863.09000000074
595,596,124101.68000000068
596,597,120613.07000000139
597,598,87615.95000000123
598,599,80482.35000000137
599,600,73782.56000000141
600,601,77862.89000000113
601,602,91878.5400000012
602,603,113185.35000000078
603,604,114043.590000001
604,605,81186.22000000079
605,606,76663.72000000117
606,607,74132.91000000136
607,608,74521.22000000131
608,609,89045.88000000117
609,610,113487.2700000017
610,611,112220.1800000007
611,612,94737.24000000086
612,613,89334.00000000118
613,614,92978.51000000144
614,615,82199.8900000013
615,616,93219.40000000116
616,617,118864.74000000097
617,618,115762.38000000124
618,619,92334.86000000067
619,620,85771.06000000144
620,621,80176.15000000119
621,622,81019.16000000088
622,623,94706.86000000095
623,624,114498.7500000007
624,625,116632.06000000096
625,626,93162.72000000093
626,627,74792.43000000108
627,628,72794.66000000111
628,629,71705.39000000115
629,630,81988.43000000113
630,631,102880.79000000082
631,632,103106.08000000022
632,633,73397.30000000124
633,634,69097.35000000116
634,635,66150.19000000106
635,636,65792.68000000123
636,637,87683.39000000113
637,638,107194.80000000175
638,639,102602.00000000036
639,640,77518.57000000075
640,641,77460.65000000127
641,642,69301.79000000106
642,643,83905.0400000012
643,644,96565.82000000105
644,645,123449.930000001
645,646,119043.69000000095
646,647,91324.41000000123
647,648,83593.08000000114
648,649,81200.81000000137
649,650,85112.67000000115
650,651,98627.0900000005
651,652,118099.14000000163
652,653,119772.9900000005
653,654,91036.96000000127
654,655,77231.03000000126
655,656,76598.40000000133
656,657,82419.56000000084
657,658,88963.610000001
658,659,113252.55000000077
659,660,106357.21000000076
660,661,81567.8900000009
661,662,82887.61000000073
662,663,94605.56000000055
663,664,57325.34000000087
664,665,65857.05000000125
665,666,85698.11000000086
666,667,93254.86000000115
667,668,76118.06000000132
668,669,69416.43000000122
669,670,66304.93000000116
670,671,66571.13000000136
671,672,85718.63000000145
672,673,118077.090000001
673,674,114850.230000001
674,675,98228.22000000125
675,676,80885.08000000093
676,677,85238.32000000104
677,678,86786.45000000088
678,679,92924.77000000095
679,680,115424.06000000112
680,681,120409.87000000088
681,682,86990.63000000105
682,683,85960.09000000136
683,684,83252.82000000088
684,685,80903.54000000122
685,686,93185.9000000013
686,687,117700.86000000112
687,688,113065.0200000011
688,689,87663.15000000157
689,690,84829.47000000125
690,691,86869.14000000122
691,692,86796.96000000143
692,693,91354.69000000166
693,694,111457.53000000144
694,695,104602.44000000143
695,696,84275.27000000127
696,697,24.729999999999997
697,698,83689.730000001
698,699,81133.74000000098
699,700,90477.96000000142
700,701,103346.63000000118
701,702,96194.120000001
702,703,93035.44000000127
703,704,65700.37000000132
704,705,87961.12000000125
705,706,96227.24000000181
706,707,90897.42000000148
707,708,116164.50000000125
708,709,120076.15000000116
709,710,91454.58000000125
710,711,85216.7300000013
711,712,82188.35000000114
712,713,82292.14000000125
713,714,97568.55000000143
714,715,126446.40000000146
715,716,114003.79000000075
716,717,86170.12000000136
717,718,87034.58000000182
718,719,80448.27000000136
719,720,81080.71000000121
720,721,93370.23000000163
721,722,120200.6000000019
722,723,104855.56000000145
723,724,87843.49000000082
724,725,72773.6500000016
725,726,71643.59000000147
726,727,69963.10000000142
727,728,84246.95000000141
728,729,113707.74000000185
729,730,108192.79000000168
730,731,77048.57000000123
731,732,69889.39000000122
732,733,64729.83000000143
733,734,74801.51000000142
734,735,106810.76000000119
735,736,139749.03000000154
736,737,116249.01000000148
737,738,82050.22000000173
738,739,90345.3600000012
739,740,89786.5800000017
740,741,83909.66000000152
741,742,100270.7300000012
742,743,131299.83000000217
743,744,123406.04000000191
744,745,99295.97000000141
745,746,98609.99000000172
746,747,102841.75000000096
747,748,80359.25000000089
748,749,104846.82000000121
749,750,123105.31000000132
750,751,124863.84000000116
751,752,96132.97000000099
752,753,77800.88000000107
753,754,82700.24000000168
754,755,85687.49000000121
755,756,89526.67000000167
756,757,117910.71000000174
757,758,123219.82000000194
758,759,89046.60000000143
759,760,76897.050000001
760,761,76298.68000000094
761,762,84557.19000000146
762,763,109978.44000000188
763,764,138216.62000000203
764,765,135239.34000000195
765,766,98796.43000000081
766,767,86328.25000000118
767,768,87826.56000000161
768,769,81681.43000000148
769,770,94743.3900000015
770,771,122499.53000000112
771,772,122138.40000000168
772,773,100482.18000000116
773,774,93875.99000000111
774,775,88926.73000000119
775,776,89026.52000000144
776,777,103556.86000000138
777,778,122149.38000000121
778,779,121073.7600000009
779,780,88643.50000000134
780,781,82325.42000000122
781,782,81135.9500000016
782,783,81769.99000000175
783,784,92992.32000000132
784,785,114056.92000000156
785,786,117924.70000000113
786,787,84649.56000000158
787,788,81144.47000000167
788,789,78908.38000000143
789,790,80888.63000000184
790,791,102358.11000000207
791,792,125079.32000000158
792,793,91968.0000000013
793,794,93263.21000000101
794,795,91451.57000000117
795,796,94856.01000000135
796,797,85918.31000000145
797,798,99702.11000000153
798,799,124455.08000000188
799,800,127707.27000000168
800,801,95391.80000000141
801,802,91455.84000000148
802,803,83300.42000000189
803,804,88198.43000000138
804,805,97169.56000000155
805,806,119574.6400000017
806,807,120347.33000000188
807,808,94241.24000000143
808,809,84935.1000000017
809,810,78682.3200000016
810,811,77967.4200000017
811,812,89579.65000000146
812,813,111942.16000000162
813,814,114100.40000000139
814,815,84981.98000000138
815,816,76612.42000000128
816,817,77178.49000000168
817,818,75095.03000000141
818,819,87257.44000000154
819,820,98241.93000000188
820,821,111621.30000000168
821,822,77428.00000000179
822,823,77870.70000000208
823,824,85944.07000000165
824,825,85637.45000000189
825,826,99464.93000000193
826,827,111298.22000000179
827,828,121402.47000000154
828,829,99634.17000000158
829,830,86934.92000000196
830,831,86452.70000000193
831,832,92022.74000000194
832,833,93161.69000000179
833,834,121749.0400000016
834,835,103145.9300000018
835,836,95458.56000000151
836,837,90782.15000000132
837,838,93742.88000000162
838,839,87900.89000000176
839,840,94287.56000000126
840,841,111622.20000000163
841,842,119555.60000000213
842,843,90981.99000000131
843,844,83042.23000000125
844,845,80005.20000000157
845,846,83364.92000000131
846,847,95720.58000000146
847,848,106632.31000000214
848,849,98848.40000000164
849,850,101538.19000000166
850,851,81396.5300000017
851,852,74663.89000000167
852,853,77186.61000000192
853,854,98479.2400000014
854,855,122896.1000000015
855,856,130340.25000000201
856,857,107966.8300000016
857,858,91403.99000000182
858,859,95246.31000000155
859,860,90402.57000000132
860,861,101616.9000000017
861,862,119867.13000000216
862,863,131224.89000000217
863,864,99579.41000000194
864,865,93897.4600000023
865,866,92215.53000000218
866,867,90859.8800000015
867,868,106006.95000000174
868,869,125331.97000000245
869,870,106486.73000000181
870,871,91832.20000000155
871,872,85282.13000000198
872,873,84318.00000000131
873,874,85936.92000000177
874,875,98106.76000000189
875,876,112246.05000000188
876,877,116677.80000000184
877,878,92186.3000000014
878,879,84821.78000000179
879,880,81944.7200000016
880,881,83287.61000000197
881,882,96372.77000000187
882,883,117396.21000000199
883,884,119105.02000000184
884,885,101331.26000000192
885,886,98688.21000000258
886,887,116582.30000000178
887,888,95801.06000000144
888,889,108572.72000000239
889,890,111763.93000000149
890,891,122577.9800000021
891,892,101369.02000000201
892,893,99078.64000000157
893,894,93333.24000000126
894,895,97425.26000000196
895,896,109476.96000000215
896,897,122543.69000000237
897,898,126518.08000000186
898,899,102451.87000000154
899,900,90162.80000000169
900,901,88620.860000002
901,902,91544.18000000196
902,903,99619.22000000186
903,904,113131.06000000177
904,905,115806.86000000205
905,906,88400.27000000112
906,907,84544.840000002
907,908,84281.15000000165
908,909,85181.36000000198
909,910,99014.26000000256
910,911,111809.770000002
911,912,109948.85000000184
912,913,85384.78000000119
913,914,80119.32000000184
914,915,84774.82000000193
915,916,99835.24000000191
916,917,111457.85000000149
917,918,126845.58000000234
918,919,122492.50000000239
919,920,105621.69000000172
920,921,97978.200000002
921,922,92277.6300000014
922,923,93793.55000000187
923,924,108681.36000000205
924,925,119189.35000000239
925,926,127645.14000000201
926,927,104240.83000000185
927,928,93482.7700000013
928,929,90382.45000000228
929,930,100547.71000000197
930,931,101461.10000000158
931,932,120979.04000000187
932,933,121544.66000000155
933,934,93496.94000000149
934,935,84287.90000000151
935,936,85466.65000000192
936,937,86071.26000000222
937,938,95482.04000000187
938,939,116677.56000000212
939,940,128777.44000000188
940,941,92497.86000000162
941,942,86705.35000000164
942,943,85288.64000000153
943,944,82642.26000000177
944,945,107882.66000000147
945,946,125909.02000000195
946,947,117521.96000000191
947,948,125111.01000000146
948,949,98753.99000000142
949,950,89009.68000000165
950,951,92372.87000000164
951,952,101463.43000000194
952,953,125794.28000000145
953,954,136963.78000000233
954,955,105523.86000000227
955,956,91360.16000000118
956,957,95027.62000000165
957,958,96451.7700000017
958,959,105848.26000000157
959,960,130352.04000000215
960,961,139954.68000000293
961,962,98861.02000000143
962,963,88364.43000000127
963,964,84602.92000000148
964,965,81310.87000000148
965,966,96800.83000000184
966,967,122002.3100000022
967,968,123276.40000000183
968,969,88519.49000000159
969,970,81037.64000000211
970,971,79351.86000000178
971,972,81504.160000002
972,973,94002.00000000195
973,974,118333.98000000163
974,975,119204.97000000205
975,976,89474.84000000144
976,977,98235.97000000191
977,978,89648.21000000184
978,979,100272.44000000122
979,980,101865.63000000229
980,981,132862.73000000266
981,982,139696.3400000028
982,983,104143.47000000198
983,984,96191.81000000163
984,985,97636.17000000174
985,986,93795.69000000152
986,987,105338.77000000178
987,988,129360.93000000186
988,989,131945.0900000022
989,990,103603.34000000205
990,991,93560.03000000185
991,992,89307.86000000166
992,993,84266.53000000185
993,994,95083.21000000156
994,995,118889.51000000208
995,996,123760.61000000259
996,997,91453.85000000175
997,998,81964.26000000176
998,999,82364.57000000207
999,1000,82427.69000000232
1000,1001,94180.7300000017
1001,1002,118983.68000000241
1002,1003,116132.27000000233
1003,1004,89376.58000000166
1004,1005,81769.03000000163
1005,1006,85806.35000000145
1006,1007,74300.46000000152
1007,1008,108714.28000000198
1008,1009,128993.18000000253
1009,1010,133274.95000000205
1010,1011,92429.51000000164
1011,1012,93036.90000000197
1012,1013,90744.6000000019
1013,1014,87453.61000000185
1014,1015,96000.98000000177
1015,1016,125832.35000000185
1016,1017,123290.57000000261
1017,1018,100240.85000000185
1018,1019,87961.99000000187
1019,1020,81405.19000000156
1020,1021,80025.79000000189
1021,1022,97677.55000000163
1022,1023,123758.2700000025
1023,1024,121528.13000000201
1024,1025,89659.65000000192
1025,1026,78798.40000000194
1026,1027,78219.92000000198
1027,1028,78612.880000002
1028,1029,91412.13000000194
1029,1030,114542.03000000294
1030,1031,111834.59000000202
1031,1032,81235.37000000181
1032,1033,87937.79000000154
1033,1034,97514.29000000174
1034,1035,53637.3700000011
1035,1036,75190.81000000177
1036,1037,91397.19000000211
1037,1038,108956.24000000222
1038,1039,97564.81000000177
1039,1040,100660.04000000186
1040,1041,83946.15000000194
1041,1042,93452.57000000181
1042,1043,99470.83000000169
1043,1044,119206.96000000216
1044,1045,115147.2600000018
1045,1046,93889.66000000182
1046,1047,86209.23000000174
1047,1048,87138.20000000192
1048,1049,87482.50000000196
1049,1050,99522.62000000187
1050,1051,117284.76000000197
1051,1052,124487.33000000207
1052,1053,91780.8900000011
1053,1054,85584.72000000197
1054,1055,88651.9100000014
1055,1056,92217.09000000166
1056,1057,91335.48000000205
1057,1058,115730.42000000142
1058,1059,99719.22000000173
1059,1060,98026.52000000233
1060,1061,84324.4400000016
1061,1062,34.32
1062,1063,92066.74000000131
1063,1064,92670.82000000181
1064,1065,103067.08000000186
1065,1066,95122.67000000164
1066,1067,87896.21000000174
1067,1068,92878.59000000168
1068,1069,65695.49000000149
1069,1070,92850.68000000171
1070,1071,108770.32000000199
1071,1072,123749.0500000021
1072,1073,124867.03000000207
1073,1074,89328.91000000176
1074,1075,84927.12000000181
1075,1076,92245.440000002
1076,1077,92847.98000000212
1077,1078,91497.70000000196
1078,1079,130728.23000000266
1079,1080,127825.47000000183
1080,1081,91681.0400000019
1081,1082,81989.30000000173
1082,1083,87791.59000000173
1083,1084,83703.47000000202
1084,1085,95181.30000000201
1085,1086,119520.25000000234
1086,1087,113721.10000000258
1087,1088,93788.15000000199
1088,1089,77489.78000000185
1089,1090,78383.61000000182
1090,1091,73180.33000000166
1091,1092,86541.99000000184
1092,1093,113928.05000000265
1093,1094,111814.59000000195
1094,1095,82367.07000000152
1095,1096,66370.69000000162
1096,1097,70500.04000000175
1097,1098,74295.5900000018
1098,1099,99439.32000000199
1099,1100,125657.37000000202
1100,1101,120626.51000000293
1101,1102,103182.23000000197
1102,1103,83749.14000000195
1103,1104,85332.1400000022
1104,1105,88370.11000000178
1105,1106,94285.0400000019
1106,1107,133841.7400000029
1107,1108,137581.68000000273
1108,1109,93561.64000000128
1109,1110,92660.81000000236
1110,1111,103991.72000000156
1111,1112,106202.14000000224
1112,1113,96461.4500000017
1113,1114,127827.91000000268
1114,1115,126257.13000000219
1115,1116,97775.77000000149
1116,1117,87818.51000000183
1117,1118,85022.800000002
1118,1119,84679.20000000167
1119,1120,94373.6300000016
1120,1121,119641.57000000242
1121,1122,128902.95000000214
1122,1123,91889.05000000156
1123,1124,85151.44000000146
1124,1125,76801.71000000193
1125,1126,84226.74000000197
1126,1127,98132.07000000228
1127,1128,132998.96000000375
1128,1129,133931.97000000262
1129,1130,105205.02000000238
1130,1131,85550.56000000215
1131,1132,88877.02000000166
1132,1133,92265.54000000216
1133,1134,97633.00000000207
1134,1135,123671.13000000206
1135,1136,144249.35000000364
1136,1137,107469.84000000189
1137,1138,98744.66000000175
1138,1139,99400.15000000184
1139,1140,93915.65000000193
1140,1141,105924.08000000246
1141,1142,128984.45000000269
1142,1143,133422.1200000028
1143,1144,94327.28000000175
1144,1145,86365.29000000225
1145,1146,84832.66000000216
1146,1147,81828.10000000185
1147,1148,94605.73000000218
1148,1149,117496.91000000297
1149,1150,127929.56000000224
1150,1151,92064.07000000175
1151,1152,81653.15000000127
1152,1153,77024.70000000225
1153,1154,87514.18000000218
1154,1155,93916.08000000234
1155,1156,117650.49000000251
1156,1157,124223.23000000241
1157,1158,88910.5500000021
1158,1159,96288.60000000191
1159,1160,95336.6700000021
1160,1161,100332.85000000217
1161,1162,99729.0500000018
1162,1163,130015.13000000242
1163,1164,138972.92000000313
1164,1165,102170.97000000179
1165,1166,97335.15000000162
1166,1167,96807.20000000161
1167,1168,91180.94000000195
1168,1169,105318.01000000216
1169,1170,129735.47000000217
1170,1171,133641.64000000292
1171,1172,100789.49000000168
1172,1173,103086.39000000153
1173,1174,97582.66000000149
1174,1175,93141.86000000229
1175,1176,110277.7200000022
1176,1177,133475.7200000027
1177,1178,110288.48000000161
1178,1179,90942.02000000198
1179,1180,88319.01000000176
1180,1181,85888.93000000164
1181,1182,88049.3700000016
1182,1183,96174.86000000169
1183,1184,122726.51000000256
1184,1185,126735.89000000224
1185,1186,89362.12000000139
1186,1187,83844.6800000018
1187,1188,83868.99000000178
1188,1189,97001.60000000168
1189,1190,110038.47000000202
1190,1191,131130.5000000025
1191,1192,132802.94000000268
1192,1193,103866.3900000015
1193,1194,96271.85000000214
1194,1195,92379.09000000182
1195,1196,91008.92000000182
1196,1197,105102.33000000226
1197,1198,123264.42000000218
1198,1199,109848.6700000018
1199,1200,106588.78000000172
1200,1201,96494.86000000176
1201,1202,92944.0300000018
1202,1203,98030.72000000186
1203,1204,100920.96000000188
1204,1205,117850.99000000265
1205,1206,125455.53000000199
1206,1207,94784.05000000181
1207,1208,86580.42000000196
1208,1209,84866.83000000168
1209,1210,88275.61000000205
1210,1211,97655.53000000142
1211,1212,109838.43000000165
1212,1213,105176.50000000084
1213,1214,100995.65000000165
1214,1215,84471.95000000189
1215,1216,81881.45000000147
1216,1217,79964.9300000015
1217,1218,98339.22000000135
1218,1219,117114.00000000237
1219,1220,129673.85000000229
1220,1221,106476.13000000178
1221,1222,108237.40000000132
1222,1223,94968.68000000135
1223,1224,100267.14000000164
1224,1225,105516.31000000211
1225,1226,127453.36000000223
1226,1227,128571.81000000215
1227,1228,109436.6700000019
1228,1229,95818.02000000158
1229,1230,97363.58000000178
1230,1231,97583.88000000155
1231,1232,107753.43000000183
1232,1233,126365.07000000286
1233,1234,119745.05000000207
1234,1235,101207.30000000163
1235,1236,93719.11000000176
1236,1237,89381.81000000198
1237,1238,93788.22000000169
1238,1239,105095.8900000018
1239,1240,118615.34000000218
1240,1241,122216.94000000253
1241,1242,93652.94000000157
1242,1243,84826.62000000216
1243,1244,83374.66000000204
1244,1245,82934.99000000222
1245,1246,95019.360000002
1246,1247,112287.76000000283
1247,1248,114098.74000000257
1248,1249,94375.60000000174
1249,1250,106332.22000000221
1250,1251,105217.54000000196
1251,1252,130101.56000000218
1252,1253,106488.17000000128
1253,1254,113354.28000000244
1254,1255,126298.87000000285
1255,1256,106208.84000000215
1256,1257,103248.53000000224
1257,1258,106183.36000000202
1258,1259,100312.77000000219
1259,1260,114105.20000000209
1260,1261,133329.95000000243
1261,1262,124939.8400000024
1262,1263,101471.54000000167
1263,1264,99753.48000000168
1264,1265,93020.03000000183
1265,1266,91137.54000000189
1266,1267,100767.3300000021
1267,1268,118889.61000000268
1268,1269,120936.35000000219
1269,1270,94082.15000000199
1270,1271,86998.84000000225
1271,1272,85977.60000000225
1272,1273,84253.52000000158
1273,1274,93108.06000000208
1274,1275,109609.62000000228
1275,1276,118750.46000000193
1276,1277,93586.92000000179
1277,1278,85736.74000000217
1278,1279,85316.1500000017
1279,1280,89807.41000000229
1280,1281,121290.03000000223
1281,1282,131454.1400000024
1282,1283,131917.43000000218
1283,1284,100029.91000000192
1284,1285,98909.8000000011
1285,1286,95917.58000000186
1286,1287,94402.16000000182
1287,1288,105177.1700000016
1288,1289,124172.91000000239
1289,1290,121403.48000000195
1290,1291,100093.57000000204
1291,1292,99162.73000000227
1292,1293,95785.43000000186
1293,1294,95080.46000000167
1294,1295,106070.97000000223
1295,1296,124102.96000000191
1296,1297,132448.1600000025
1297,1298,100880.42000000169
1298,1299,90313.40000000181
1299,1300,90602.85000000184
1300,1301,91595.06000000147
1301,1302,104528.68000000219
1302,1303,126619.26000000189
1303,1304,136646.8900000026
1304,1305,100198.44000000188
1305,1306,90226.11000000224
1306,1307,84276.91000000197
1307,1308,86502.9100000016
1308,1309,108047.01000000174
1309,1310,124025.4700000028
1310,1311,113717.62000000205
1311,1312,126328.12000000275
1312,1313,97582.30000000223
1313,1314,105199.21000000181
1314,1315,90592.03000000186
1315,1316,102031.55000000153
1316,1317,130746.31000000206
1317,1318,134513.62000000244
1318,1319,102573.23000000161
1319,1320,97603.36000000159
1320,1321,92950.09000000193
1321,1322,100843.1500000021
1322,1323,110879.59000000176
1323,1324,139489.64000000287
1324,1325,135263.12000000235
1325,1326,106799.96000000159
1326,1327,90009.25000000186
1327,1328,87925.5500000017
1328,1329,86467.13000000177
1329,1330,102884.16000000188
1330,1331,126171.17000000195
1331,1332,130875.1300000019
1332,1333,93440.19000000144
1333,1334,85666.13000000203
1334,1335,84655.45000000176
1335,1336,85692.39000000177
1336,1337,97685.750000002
1337,1338,119319.320000002
1338,1339,126838.85000000118
1339,1340,93055.22000000122
1340,1341,89194.64000000169
1341,1342,103855.94000000195
1342,1343,101171.1100000021
1343,1344,122473.61000000151
1344,1345,140676.87000000346
1345,1346,147665.59000000378
1346,1347,112487.30000000176
1347,1348,100347.4700000019
1348,1349,99152.45000000205
1349,1350,101025.66000000182
1350,1351,105180.08000000233
1351,1352,135956.59000000343
1352,1353,145531.5200000037
1353,1354,103692.57000000167
1354,1355,99248.25000000215
1355,1356,103345.83000000165
1356,1357,92675.66000000181
1357,1358,103065.25000000194
1358,1359,132795.96000000232
1359,1360,134735.16000000236
1360,1361,99993.07000000204
1361,1362,90011.63000000152
1362,1363,85476.62000000167
1363,1364,87259.00000000236
1364,1365,99310.74000000229
1365,1366,123654.99000000239
1366,1367,126245.14000000227
1367,1368,95533.92000000161
1368,1369,85353.64000000188
1369,1370,83512.34000000202
1370,1371,91554.90000000174
1371,1372,99272.470000002
1372,1373,137201.48000000295
1373,1374,144262.74000000386
1374,1375,117673.47000000179
1375,1376,97257.73000000214
1376,1377,93836.06000000196
1377,1378,102210.46000000156
1378,1379,105916.84000000214
1379,1380,137285.2200000032
1380,1381,144849.74000000342
1381,1382,104484.02000000158
1382,1383,98083.12000000163
1383,1384,90494.9300000019
1384,1385,86971.1700000019
1385,1386,102727.65000000158
1386,1387,134778.22000000245
1387,1388,136646.12000000328
1388,1389,99438.75000000179
1389,1390,87329.0500000021
1390,1391,86050.46000000184
1391,1392,85721.91000000159
1392,1393,100418.04000000232
1393,1394,129985.23000000145
1394,1395,125730.69000000203
1395,1396,96134.1600000017
1396,1397,95506.63000000165
1397,1398,108912.99000000216
1398,1399,62226.45000000154
1399,1400,80040.23000000209
1400,1401,104672.49000000236
1401,1402,110097.89000000224
1402,1403,104445.34000000177
1403,1404,93644.75000000198
1404,1405,100182.59000000183
1405,1406,97799.22000000163
1406,1407,114369.3900000015
1407,1408,134196.84000000297
1408,1409,135042.0400000024
1409,1410,102062.25000000167
1410,1411,98257.53000000188
1411,1412,98037.80000000216
1412,1413,80146.13000000124
1413,1414,103606.47000000176
1414,1415,125213.8000000024
1415,1416,135110.93000000273
1416,1417,106547.680000002
1417,1418,91836.40000000203
1418,1419,93689.91000000105
1419,1420,100046.2900000018
1420,1421,92852.38000000185
1421,1422,122475.08000000232
1422,1423,119613.33000000243
1423,1424,103582.14000000183
1424,1425,105444.57000000146
1425,1426,90657.60000000196
1426,1427,37.86000000000001
1427,1428,104277.53000000214
1428,1429,101517.23000000208
1429,1430,100642.10000000193
1430,1431,93173.40000000192
1431,1432,94000.13000000166
1432,1433,106198.26000000171
1433,1434,82419.48000000157
1434,1435,122565.70000000231
1435,1436,127966.49000000219
1436,1437,122497.18000000164
1437,1438,108402.43000000184
1438,1439,99472.10000000162
1439,1440,89744.46000000193
1440,1441,89985.51000000174
1441,1442,105474.73000000225
1442,1443,136557.12000000305
1443,1444,138496.5700000034
1444,1445,105880.86000000202
1445,1446,90534.80000000188
1446,1447,92767.0100000024
1447,1448,100707.37000000245
1448,1449,104807.43000000218
1449,1450,136484.9000000031
1450,1451,126685.92000000244
1451,1452,106383.93000000206
1452,1453,87147.1400000018
1453,1454,85618.24000000206
1454,1455,77256.45000000183
1455,1456,95199.7000000019
1456,1457,125985.0400000023
1457,1458,127043.37000000232
1458,1459,90828.97000000188
1459,1460,82571.75000000176
1460,1461,82062.18000000212
1461,1462,83845.1000000023
1462,1463,112909.0300000024
1463,1464,150369.9600000043
1464,1465,120588.48000000203
1465,1466,104233.54000000274
1466,1467,110864.14000000207
1467,1468,101687.19000000243
1468,1469,102668.23000000205
1469,1470,107277.63000000222
1470,1471,151816.4000000052
1471,1472,152700.40000000497
1472,1473,117613.1200000024
1473,1474,108126.74000000225
1474,1475,108078.75000000265
1475,1476,115708.2200000029
1476,1477,112409.14000000287
1477,1478,128469.93000000277
1478,1479,140256.1600000039
1479,1480,116163.08000000282
1480,1481,96497.11000000189
1481,1482,87432.65000000254
1482,1483,90275.14000000221
1483,1484,103152.0400000022
1484,1485,132141.4300000033
1485,1486,136822.14000000394
1486,1487,99071.14000000242
1487,1488,92196.4000000023
1488,1489,90718.38000000216
1489,1490,92121.69000000229
1490,1491,105107.9000000029
1491,1492,138673.0300000041
1492,1493,148438.88000000597
1493,1494,113829.35000000248
1494,1495,108002.02000000245
1495,1496,100027.8300000024
1496,1497,102463.25000000234
1497,1498,112089.71000000238
1498,1499,140162.25000000323
1499,1500,149977.06000000445
1500,1501,113439.82000000286
1501,1502,106317.54000000235
1502,1503,103024.56000000233
1503,1504,106397.23000000257
1504,1505,112677.56000000222
1505,1506,137480.59000000457
1506,1507,152567.56000000518
1507,1508,110998.50000000211
1508,1509,98187.40000000215
1509,1510,93405.82000000188
1510,1511,92319.07000000197
1511,1512,103131.61000000245
1512,1513,131102.4900000025
1513,1514,140114.2200000044
1514,1515,102645.27000000192
1515,1516,83677.31000000154
1516,1517,101850.25000000259
1517,1518,92770.11000000185
1518,1519,100537.37000000257
1519,1520,129264.21000000327
1520,1521,132964.10000000353
1521,1522,98970.30000000255
1522,1523,96062.00000000268
1523,1524,108987.8800000029
1524,1525,102289.0400000023
1525,1526,132751.01000000356
1526,1527,147209.15000000523
1527,1528,133510.81000000285
1528,1529,115675.68000000261
1529,1530,106346.04000000237
1530,1531,107403.58000000202
1531,1532,107586.05000000274
1532,1533,114582.66000000204
1533,1534,140711.9300000038
1534,1535,150877.680000005
1535,1536,108344.86000000272
1536,1537,102896.9200000024
1537,1538,106913.88000000267
1538,1539,98373.49000000278
1539,1540,103030.58000000255
1540,1541,132625.8900000038
1541,1542,141758.65000000433
1542,1543,105781.23000000238
1543,1544,96606.0500000022
1544,1545,95237.6500000017
1545,1546,96460.08000000218
1546,1547,107246.87000000241
1547,1548,136837.46000000412
1548,1549,136222.47000000352
1549,1550,105241.6700000025
1550,1551,92166.6100000016
1551,1552,87708.0600000023
1552,1553,94389.67000000247
1553,1554,124224.9400000025
1554,1555,141390.17000000324
1555,1556,154247.3800000056
1556,1557,118548.40000000254
1557,1558,107840.72000000226
1558,1559,107104.57000000244
1559,1560,103686.67000000246
1560,1561,114876.10000000257
1561,1562,145414.7200000049
1562,1563,119017.59000000334
1563,1564,117806.88000000194
1564,1565,109681.88000000229
1565,1566,104737.64000000208
1566,1567,102147.15000000216
1567,1568,116856.31000000221
1568,1569,138699.23000000374
1569,1570,141537.8400000039
1570,1571,108710.6900000019
1571,1572,97688.6800000018
1572,1573,98024.290000002
1573,1574,95351.74000000209
1574,1575,113071.55000000271
1575,1576,125406.28000000257
1576,1577,121743.33000000262
1577,1578,121412.9300000023
1578,1579,97959.50000000147
1579,1580,94623.02000000162
1580,1581,93154.05000000185
1581,1582,100133.44000000226
1582,1583,126926.05000000315
1583,1584,138319.0300000035
1584,1585,120562.72000000255
1585,1586,108308.50000000255
1586,1587,114517.20000000257
1587,1588,105612.24000000235
1588,1589,117720.24000000201
1589,1590,141780.02000000383
1590,1591,146275.62000000395
1591,1592,118147.73000000267
1592,1593,112052.7200000025
1593,1594,106357.76000000215
1594,1595,106235.66000000184
1595,1596,118629.74000000239
1596,1597,135317.91000000347
1597,1598,143739.41000000393
1598,1599,140645.45000000365
1599,1600,95151.7500000014
1600,1601,95385.91000000206
1601,1602,102203.030000002
1602,1603,111813.65000000258
1603,1604,129448.99000000162
1604,1605,121644.2000000021
1605,1606,104958.7900000021
1606,1607,97983.43000000202
1607,1608,94114.02000000181
1608,1609,93913.36000000144
1609,1610,107181.0400000017
1610,1611,125620.34000000224
1611,1612,130587.16000000207
1612,1613,102892.49000000142
1613,1614,95041.33000000221
1614,1615,112471.03000000164
1615,1616,124629.56000000262
1616,1617,157721.6000000036
1617,1618,109252.88000000172
1618,1619,131747.06000000166
1619,1620,124382.36000000218
1620,1621,112107.20000000187
1621,1622,109268.79000000223
1622,1623,112585.33000000191
1623,1624,121186.03000000142
1624,1625,142596.68000000351
1625,1626,149849.1700000044
1626,1627,118378.980000002
1627,1628,108693.82000000226
1628,1629,114399.49000000193
1629,1630,112367.93000000175
1630,1631,121901.32000000204
1631,1632,136418.9400000031
1632,1633,141206.38000000382
1633,1634,112895.48000000222
1634,1635,102282.91000000223
1635,1636,98298.17000000173
1636,1637,100600.55000000232
1637,1638,113530.14000000195
1638,1639,128140.12000000179
1639,1640,134069.44000000303
1640,1641,107559.61000000189
1641,1642,96801.40000000192
1642,1643,93645.40000000177
1643,1644,98858.76000000242
1644,1645,123106.95000000254
1645,1646,147714.46000000468
1646,1647,153037.76000000475
1647,1648,135070.25000000338
1648,1649,112771.64000000167
1649,1650,113009.67000000193
1650,1651,113802.68000000156
1651,1652,122056.83000000223
1652,1653,144078.75000000375
1653,1654,156706.470000005
1654,1655,116266.04000000238
1655,1656,107945.53000000166
1656,1657,111714.18000000228
1657,1658,107328.2700000022
1658,1659,119834.9300000019
1659,1660,146425.28000000407
1660,1661,152766.9200000057
1661,1662,118306.4400000028
1662,1663,107223.41000000201
1663,1664,101686.98000000262
1664,1665,98606.39000000227
1665,1666,111290.15000000261
1666,1667,136677.56000000387
1667,1668,146334.24000000468
1668,1669,106816.39000000186
1669,1670,96872.74000000265
1670,1671,96770.53000000156
1671,1672,96683.77000000242
1672,1673,106949.16000000296
1673,1674,135630.53000000404
1674,1675,147140.32000000525
1675,1676,108437.24000000191
1676,1677,113222.6600000023
1677,1678,108753.43000000232
1678,1679,115525.16000000235
1679,1680,118038.57000000263
1680,1681,141280.0200000043
1681,1682,130910.1000000029
1682,1683,136345.00000000358
1683,1684,107219.80000000204
1684,1685,110386.5800000024
1685,1686,106889.28000000215
1686,1687,118546.32000000308
1687,1688,149581.0700000057
1688,1689,155185.01000000496
1689,1690,115214.26000000235
1690,1691,110551.27000000222
1691,1692,99786.8700000021
1692,1693,102069.36000000259
1693,1694,116140.90000000247
1694,1695,147238.3400000047
1695,1696,152956.47000000536
1696,1697,111121.8100000025
1697,1698,101548.06000000189
1698,1699,102078.12000000209
1699,1700,99041.98000000246
1700,1701,116607.88000000245
1701,1702,140574.6100000038
1702,1703,147900.40000000547
1703,1704,103761.81000000236
1704,1705,94829.33000000243
1705,1706,95573.90000000218
1706,1707,114303.60000000247
1707,1708,132899.06000000326
1708,1709,165268.3200000066
1709,1710,162030.09000000535
1710,1711,129670.50000000259
1711,1712,118088.73000000238
1712,1713,108279.80000000243
1713,1714,113897.5400000023
1714,1715,131194.6300000025
1715,1716,150128.15000000483
1716,1717,154122.46000000558
1717,1718,131511.95000000286
1718,1719,108708.26000000238
1719,1720,104247.60000000207
1720,1721,111927.77000000239
1721,1722,118624.37000000202
1722,1723,147469.37000000494
1723,1724,155720.02000000517
1724,1725,111772.57000000232
1725,1726,101762.34000000222
1726,1727,99718.23000000215
1727,1728,100674.29000000247
1728,1729,116916.09000000301
1729,1730,139742.98000000438
1730,1731,143330.7600000042
1731,1732,110343.55000000258
1732,1733,99622.04000000209
1733,1734,96538.62000000206
1734,1735,102925.95000000249
1735,1736,125774.85000000284
1736,1737,133253.29000000338
1737,1738,150738.6400000059
1738,1739,115678.38000000277
1739,1740,119339.14000000306
1740,1741,104239.60000000238
1741,1742,107346.46000000279
1742,1743,124782.82000000312
1743,1744,151439.6600000045
1744,1745,154569.80000000488
1745,1746,116920.89000000255
1746,1747,105871.08000000274
1747,1748,105447.49000000233
1748,1749,103404.56000000243
1749,1750,114185.00000000265
1750,1751,149900.20000000534
1751,1752,161364.41000000542
1752,1753,113539.18000000258
1753,1754,92366.8200000018
1754,1755,103616.66000000288
1755,1756,102309.16000000211
1756,1757,121089.73000000266
1757,1758,136227.47000000367
1758,1759,144033.510000004
1759,1760,110127.44000000285
1760,1761,106741.79000000244
1761,1762,121303.7200000025
1762,1763,71543.25000000164
1763,1764,85738.26000000228
1764,1765,109050.6600000021
1765,1766,122440.71000000254
1766,1767,102542.4200000023
1767,1768,111523.75000000252
1768,1769,105522.99000000251
1769,1770,122201.35000000283
1770,1771,125166.16000000304
1771,1772,148973.0800000053
1772,1773,157250.83000000456
1773,1774,116098.24000000212
1774,1775,105216.09000000225
1775,1776,106520.63000000268
1776,1777,101240.23000000244
1777,1778,114457.25000000221
1778,1779,147529.23000000493
1779,1780,145246.26000000423
1780,1781,122238.05000000267
1781,1782,116026.02000000273
1782,1783,110131.98000000235
1783,1784,113197.55000000248
1784,1785,110616.92000000172
1785,1786,138352.1300000042
1786,1787,138733.14000000444
1787,1788,113956.60000000232
1788,1789,115048.13000000289
1789,1790,119835.96000000281
1790,1791,113006.28000000247
1791,1792,30.79
1792,1793,125101.45000000222
1793,1794,116913.85000000297
1794,1795,97692.98000000148
1795,1796,102559.10000000264
1796,1797,108948.75000000207
1797,1798,136571.650000003
1798,1799,103454.96000000248
1799,1800,142609.5000000043
1800,1801,143399.0300000043
1801,1802,118198.43000000242
1802,1803,113461.11000000233
1803,1804,103402.98000000212
1804,1805,112171.22000000175
1805,1806,119996.93000000238
1806,1807,162562.37000000477
1807,1808,149350.6900000033
1808,1809,117460.10000000206
1809,1810,109818.8300000025
1810,1811,101243.38000000207
1811,1812,110974.04000000245
1812,1813,131162.99000000308
1813,1814,157803.80000000534
1814,1815,144356.9900000041
1815,1816,121003.27000000216
1816,1817,98680.17000000263
1817,1818,102337.36000000233
1818,1819,98388.0000000021
1819,1820,112614.29000000207
1820,1821,152607.22000000588
1821,1822,152032.8500000052
1822,1823,108253.50000000242
1823,1824,96360.29000000183
1824,1825,99298.17000000202
1825,1826,102566.62000000257
1826,1827,116442.6500000028
1827,1828,153773.56000000524
1828,1829,161705.24000000628
1829,1830,131707.0300000033
1830,1831,112048.30000000219
1831,1832,123004.91000000214
1832,1833,111173.70000000262
1833,1834,126758.9400000028
1834,1835,174438.7000000069
1835,1836,150703.17000000516
1836,1837,118433.16000000246
1837,1838,122800.13000000262
1838,1839,125423.09000000231
1839,1840,140892.44000000376
1840,1841,138181.16000000434
1841,1842,167937.07000000644
1842,1843,151905.41000000478
1843,1844,146662.9200000045
1844,1845,117080.65000000254
1845,1846,112600.65000000267
1846,1847,113607.14000000204
1847,1848,124365.24000000286
1848,1849,158759.590000005
1849,1850,166447.8500000066
1850,1851,118115.7500000024
1851,1852,106985.40000000231
1852,1853,108387.95000000251
1853,1854,108956.9700000023
1854,1855,116262.19000000316
1855,1856,148007.90000000503
1856,1857,161579.93000000675
1857,1858,118670.70000000262
1858,1859,116020.87000000244
1859,1860,119464.91000000217
1860,1861,129896.91000000284
1861,1862,121379.8400000024
1862,1863,162597.9600000054
1863,1864,181445.5700000064
1864,1865,126757.36000000265
1865,1866,116880.58000000178
1866,1867,114969.90000000205
1867,1868,118173.56000000282
1868,1869,127159.88000000257
1869,1870,163062.86000000557
1870,1871,162565.9300000041
1871,1872,130381.58000000255
1872,1873,124815.63000000182
1873,1874,114964.74000000209
1874,1875,109851.66000000181
1875,1876,122320.39000000217
1876,1877,142459.71000000322
1877,1878,152488.22000000492
1878,1879,118518.79000000222
1879,1880,110381.88000000206
1880,1881,108345.36000000213
1881,1882,105668.13000000193
1882,1883,139221.54000000274
1883,1884,163722.9300000058
1884,1885,143204.67000000266
1885,1886,114421.18000000194
1886,1887,105477.88000000226
1887,1888,101315.74000000171
1888,1889,108401.68000000155
1889,1890,144493.92000000417
1890,1891,165758.99000000555
1891,1892,180822.44000000585
1892,1893,128828.3900000019
1893,1894,125564.13000000281
1894,1895,122806.73000000155
1895,1896,119614.440000002
1896,1897,133729.59000000297
1897,1898,177632.33000000665
1898,1899,174323.0700000068
1899,1900,134692.45000000222
1900,1901,121813.98000000234
1901,1902,112529.30000000175
1902,1903,119076.99000000229
1903,1904,130569.47000000258
1904,1905,152620.270000005
1905,1906,165457.99000000642
1906,1907,120545.34000000206
1907,1908,119286.71000000257
1908,1909,112828.73000000193
1909,1910,110410.27000000208
1910,1911,127040.30000000252
1911,1912,155193.67000000426
1912,1913,162924.07000000594
1913,1914,123361.97000000217
1914,1915,112650.08000000178
1915,1916,107784.43000000251
1916,1917,110512.82000000219
1917,1918,135573.83000000354
1918,1919,159376.6900000055
1919,1920,171326.35000000702
1920,1921,137767.6500000025
1921,1922,138887.04000000283
1922,1923,122885.8600000025
1923,1924,128223.79000000216
1924,1925,137305.00000000323
1925,1926,170625.52000000584
1926,1927,145819.62000000384
1927,1928,146510.8100000034
1928,1929,126412.27000000232
1929,1930,134201.3100000031
1930,1931,127512.05000000237
1931,1932,137804.17000000252
1932,1933,171719.78000000483
1933,1934,191941.73000000857
1934,1935,134870.66000000268
1935,1936,122419.42000000198
1936,1937,116333.11000000179
1937,1938,117456.320000002
1938,1939,134000.6700000028
1939,1940,162395.65000000593
1940,1941,175297.42000000697
1941,1942,0.0
1942,1943,0.0
1943,1944,0.0
1944,1945,0.0
1945,1946,0.0
1946,1947,0.0
1947,1948,0.0
1948,1949,0.0
1949,1950,0.0
1950,1951,0.0
1951,1952,0.0
1952,1953,0.0
1953,1954,0.0
1954,1955,0.0
1955,1956,0.0
1956,1957,0.0
1957,1958,0.0
1958,1959,0.0
1959,1960,0.0
1960,1961,0.0
1961,1962,0.0
1962,1963,0.0
1963,1964,0.0
1964,1965,0.0
1965,1966,0.0
1966,1967,0.0
1967,1968,0.0
1968,1969,0.0
